<?xml version="1.0" encoding="UTF-8"?>
<project-private xmlns="http://www.netbeans.org/ns/project-private/1">
    <editor-bookmarks xmlns="http://www.netbeans.org/ns/editor-bookmarks/2" lastBookmarkId="0"/>
    <open-files xmlns="http://www.netbeans.org/ns/projectui-open-files/2">
        <group>
            <file>file:/C:/Users/Samuel/Dropbox/Catedras%20UMG/2022/Segundo%20Semestre/Progra%20II/Clase%2009/Banco/src/Entidad/Cliente.java</file>
            <file>file:/C:/Users/Samuel/Dropbox/Catedras%20UMG/2022/Segundo%20Semestre/Progra%20II/Clase%2009/Banco/src/Vista/Movimientos.java</file>
        </group>
    </open-files>
</project-private>
